"Bib","Name","YoB","Gender","AG","Club"
"1","Kelsey, Catherine","1993","F","Female 25-29",""
"11","Hetherington, Jeremy","1959","M","Male 55-59",""
"24","Hofmann, Darrin","1959","M","Male 55-59",""
"115","Hardie, Lizzie","1968","F","Female 50-54",""
"180","Haertel, Lincoln","1958","M","Male 60-64",""
"211","Keane, Jason","1954","M","Male 60-64","Ambleside Legends"
"222","Jones, mohmmed","1956","M","Male 60-64",""
"225","Hoang, Faisal","1977","M","Male 40-44","Redway Runners"
"295","Howe, Glenn","1957","M","Male 60-64","Midnight Runners"
"305","Howden, Raihan","1969","M","Male 45-49","Malvern Joggers"
"362","Keating, Angus","1969","M","Male 45-49",""
"400","Hoiles, Leanne","1970","F","Female 45-49","Run To Live"
"446","Keating, Elijah","1968","M","Male 50-54",""
"469","James, Ankit","1972","M","Male 45-49","Spirit of Monmouth RC"
"4085","Jenks, Malcolm","1998","M","Male 20-24","Hogweed Trotters"
"4416","Chirgwin, Mick","1962","M","Male 55-59",""
"4607","Gardner, bryan","1964","M","Male 50-54","B2R"
"4777","Davis, Michael","1965","M","Male 50-54","Dunstable Road Runners"
"4977","Gullifer, David","1994","M","Male 20-24",""
"5026","Festersen, Jarrod","1974","M","Male 40-44",""
"5052","Carle, Matt","1989","M","Male 25-29","Mossley Hill AC"
"5155","daly, Blake","1987","M","Male 30-34",""
"5207","Brooks, Mark","1967","M","Male 50-54",""
"5294","Gibbins, Gerhard","1983","M","Male 35-39",""
"10041","Dewasurendra, Giovanni","1975","M","Male 40-44",""